Name,DataType,MinCardinality,MaxCardinality,Description,Ordered,AllowSubtypes,MinLength,MaxLength,Enumeration,Pattern,MinInclusive,MinExclusive,MaxInclusive,MaxExclusive,DeprecatedNamespace,DeprecatedElementOrAttribute,DeprecatedChoiceGroup
TypeOfPopulationGroup,CodeValueType,0,1,A generic element for specifying a reason for a PopulationGroup. Note that this element can contain either a term from a controlled vocabulary list or a textual description.,,,,,,,,,,,,,
PopulationGroupName,langString,0,n,A name for the PopulationGroup.,,,,,,,,,,,,,
Label,langString,0,n,A display label for the PopulationGroup.,,,,,,,,,,,,,
Description,langString,0,n,A description of the content and purpose of the PopulationGroup.,,,,,,,,,,,,,
GroupingUniverseReference,Universe,0,n,Reference to the universe statement describing the persons or other objects to which the contents of this group pertain. This is not a university contained by the group but one that helps define the purpose and application of the group.,,,,,,,,,,,ddi:conceptualcomponent:3_3,e,
GroupingConceptReference,Concept,0,1,Reference to the concept expressed by the objects in this group. This helps define the context within which this PopulationGroup is relevant.,,,,,,,,,,,,,
Subject,InternationalCodeValueType,0,n,"If subjects are listed for this group, it is strongly recommended that the subjects listed also be found in the TopicalCoverage element for the parent packaging element when this group is included directly or by reference in a module containing a coverage element. Use of subject at the group level allows for associating objects as a type of subject based group or to identify subject characteristics of a reusable group of objects.",,,,,,,,,,,,,
Keyword,InternationalCodeValueType,0,n,"If keywords are listed for this group, it is strongly recommended that the keywords listed also be found in the TopicalCoverage element for the parent packaging element when this group is included directly or by reference in a module containing a coverage element. Use of keyword at the group level allows for associating objects as a type of keyword based group or to identify keyword characteristics of a reusable group of objects.",,,,,,,,,,,,,
PopulationReference,Population,0,n,Reference to a constituent Population. TypeOfObject should be set to Population.,true,,,,,,,,,,,,
PopulationGroupReference,PopulationGroup,0,n,Reference to constituent PopulationGroup. This allows for nesting of PopulationGroups. TypeOfObject should be set to PopulationGroup.,true,,,,,,,,,,,,
IsOrdered,boolean,0,1,"If set to ""true"" indicates that the content of the group is ordered.",,,,,,,,,,,,,
